<?xml version="1.0" encoding="UTF-8" standalone="no"?>
<!DOCTYPE preferences SYSTEM "http://java.sun.com/dtd/preferences.dtd">
<preferences EXTERNAL_XML_VERSION="1.0">
  <root type="user">
    <map/>
    <node name="MXJ_PREFS">
      <map/>
      <node name="MXJ_COMPILER_PREFS">
        <map>
          <entry key="BUILD_ROOT" value="/Applications/Max6/Cycling '74/java/classes"/>
          <entry key="COMMAND" value="/System/Library/Java/JavaVirtualMachines/1.6.0.jdk/Contents/Home/bin/javac"/>
        </map>
      </node>
      <node name="MXJ_EDITOR_PREFS">
        <map>
          <entry key="OPERATOR_COLOR" value="ffc800"/>
          <entry key="CARET_BLINKS" value="false"/>
          <entry key="BLOCK_CARET" value="true"/>
          <entry key="LINE_HILITE" value="false"/>
          <entry key="LABEL_COLOR" value="0000ff"/>
          <entry key="LITERAL1_COLOR" value="888888"/>
          <entry key="BRACKET_HILITE" value="true"/>
          <entry key="BRACKET_HILITE_COLOR" value="ff66ff"/>
          <entry key="BACKGROUND_COLOR" value="ffffff"/>
          <entry key="LITERAL2_COLOR" value="ff00ff"/>
          <entry key="USE_EOL_MARKERS" value="true"/>
          <entry key="LINE_HILITE_COLOR" value="e0e0e0"/>
          <entry key="COMMENT1_COLOR" value="ff0000"/>
          <entry key="SELECTION_COLOR" value="ffff00"/>
          <entry key="COMMENT2_COLOR" value="ff0000"/>
          <entry key="FOREGROUND_COLOR" value="000000"/>
          <entry key="KEYWORD1_COLOR" value="0000ff"/>
          <entry key="KEYWORD2_COLOR" value="ff00ff"/>
          <entry key="EOL_MARKER_COLOR" value="999966"/>
          <entry key="KEYWORD3_COLOR" value="339999"/>
          <entry key="INVALID_COLOR" value="000000"/>
        </map>
      </node>
    </node>
  </root>
</preferences>
